,designer,winner,winner,winner,winner,nominated,nominated,nominated,nominated,recommended,recommended,recommended,recommended,sonderpreis,sonderpreis,sonderpreis,sonderpreis,all,all,all
bgg_id,name,kenner,kinder,spiel,total,kenner,kinder,spiel,total,kenner,kinder,spiel,total,kenner,kinder,spiel,total,best_rating,total,rank
7,Wolfgang Kramer,0,1,5,6,1,2,4,7,0,3,12,15,0,0,0,0,7.57192,28,1
11,Klaus Teuber,0,0,4,4,0,1,0,1,0,1,3,4,0,0,0,0,6.92496,9,2
42,Michael Kiesling,0,0,3,3,2,0,3,5,0,0,4,4,0,0,0,0,7.64154,12,3
6940,Inka Brand,2,1,0,3,0,2,0,2,0,0,2,2,0,0,0,0,7.30708,7,4
6941,Markus Brand,2,1,0,3,0,2,0,2,0,0,2,2,0,0,0,0,7.30708,7,4
24,Alex Randolph,0,2,1,3,0,1,0,1,0,0,13,13,0,0,0,0,6.16439,17,6
2,Reiner Knizia,0,1,1,2,0,4,6,10,1,5,17,23,0,0,1,1,7.52,36,7
79463,Marie Fort,0,2,0,2,0,1,0,1,0,0,0,0,0,1,0,1,6.22982,4,8
79462,Wilfried Fort,0,2,0,2,0,1,0,1,0,0,0,0,0,1,0,1,6.22982,4,8
1727,Bruno Cathala,0,1,1,2,0,0,0,0,1,0,7,8,0,0,1,1,7.97244,11,10
256,Heinz Meister,0,2,0,2,0,3,1,4,0,5,2,7,0,0,0,0,5.77272,13,11
9,Alan R. Moon,0,0,2,2,0,0,2,2,0,0,5,5,0,0,0,0,7.2774,9,12
500,Manfred Ludwig,0,2,0,2,0,2,0,2,0,1,1,2,0,0,0,0,6.03505,6,13
9714,Antoine Bauza,1,0,1,2,0,1,0,1,1,0,2,3,0,0,0,0,7.97244,6,14
117,Andreas Seyfarth,0,0,2,2,0,0,1,1,0,0,1,1,0,0,0,0,7.78103,4,15
267,Klaus Zoch,0,2,0,2,0,0,1,1,0,0,1,1,0,0,0,0,6.35463,4,16
8397,Andreas Pelikan,2,0,0,2,0,0,1,1,0,0,0,0,0,0,0,0,7.23376,3,17
11767,Alexander Pfister,2,0,0,2,0,0,0,0,2,0,0,2,0,0,0,0,8.03342,4,18
10067,Steffen Bogen,0,1,1,2,0,0,0,0,0,1,0,1,0,0,0,0,6.89543,3,19
1783,Peter-Paul Joopen,0,2,0,2,0,0,0,0,0,1,0,1,0,0,0,0,5.7805,3,20
10525,Donald X. Vaccarino,0,0,2,2,0,0,0,0,0,0,0,0,0,0,0,0,7.48239,2,21
789,Vlaada Chvátil,0,0,1,1,0,0,0,0,0,0,2,2,0,0,1,1,7.45382,4,22
381,Rüdiger Dorn,1,0,0,1,0,1,5,6,0,0,3,3,0,0,0,0,7.39145,10,23
80162,Wolfgang Warsch,1,0,0,1,1,2,1,4,0,0,0,0,0,0,0,0,7.68647,5,24
645,Kai Haferkamp,0,1,0,1,0,3,0,3,0,9,0,9,0,0,0,0,5.55318,13,25
4884,Marco Teubner,0,1,0,1,0,3,0,3,0,6,1,7,0,0,0,0,6.11633,11,26
1288,Jens-Peter Schliemann,0,1,0,1,0,2,0,2,0,3,2,5,0,0,0,0,6.23973,8,27
285,Roberto Fraga,0,1,0,1,0,2,0,2,1,1,1,3,0,0,0,0,7.31396,6,28
129,Bernhard Weber,0,1,0,1,0,1,0,1,0,2,1,3,0,0,0,0,6.23973,5,29
11825,Michael Menzel,1,0,0,1,0,0,1,1,0,0,0,0,0,0,0,0,6.89987,2,30
111626,Urtis Šulinskas,0,1,0,1,0,1,0,1,0,0,0,0,0,0,0,0,5.68328,2,31
86,Michael Schacht,0,0,1,1,0,0,0,0,0,1,8,9,0,0,0,0,6.82891,10,32
4,Sid Sackson,0,0,1,1,0,0,0,0,0,0,7,7,0,0,0,0,7.12471,8,33
154,Rudi Hoffmann,0,0,1,1,0,0,0,0,0,0,6,6,0,0,0,0,5.9057,7,34
173,Günter Burkhardt,0,1,0,1,0,0,0,0,0,1,5,6,0,0,0,0,6.02315,7,35
60,Dirk Henn,0,0,1,1,0,0,0,0,0,0,5,5,0,0,0,0,6.91012,6,36
398,Klaus-Jürgen Wrede,0,0,1,1,0,0,0,0,0,0,3,3,0,0,0,0,7.29756,4,37
308,Guido Hoffmann,0,1,0,1,0,0,0,0,0,3,0,3,0,0,0,0,5.76489,4,38
7808,Lukas Zach,0,0,1,1,0,0,0,0,0,2,0,2,0,0,0,0,6.88379,3,39
461,Michael Palm,0,0,1,1,0,0,0,0,0,2,0,2,0,0,0,0,6.88379,3,39
45563,Thomas Sing,1,0,0,1,0,0,0,0,0,0,2,2,0,0,0,0,7.66741,3,41
179,Virginia Charves,0,1,0,1,0,0,0,0,0,0,2,2,0,0,0,0,5.76434,3,42
8,Richard Ulrich,0,0,1,1,0,0,0,0,0,0,1,1,0,0,0,0,7.57192,2,43
12367,Dirk Baumann,0,1,0,1,0,0,0,0,0,0,1,1,0,0,0,0,6.44564,2,44
85283,Lena Burkhardt,0,1,0,1,0,0,0,0,0,0,1,1,0,0,0,0,5.97517,2,45
44,Yves Hirschfeld,0,1,0,1,0,0,0,0,0,0,1,1,0,0,0,0,5.69822,2,46
580,Christian Wolf,0,1,0,1,0,0,0,0,0,0,1,1,0,0,0,0,5.63641,2,47
579,Stefanie Rohner,0,1,0,1,0,0,0,0,0,0,1,1,0,0,0,0,5.63641,2,47
1391,Geni Wyss,0,1,0,1,0,0,0,0,0,0,1,1,0,0,0,0,0.0,2,49
8324,Peter Schackert,0,1,0,1,0,0,0,0,0,1,0,1,0,0,0,0,5.53636,2,50
122804,Randy Flynn,0,0,1,1,0,0,0,0,0,0,0,0,0,0,0,0,7.77391,1,51
51055,Bruno Sautter,0,0,1,1,0,0,0,0,0,0,0,0,0,0,0,0,7.42992,1,52
51255,Ludovic Roudy,0,0,1,1,0,0,0,0,0,0,0,0,0,0,0,0,7.42992,1,52
1219,Gary Grady,0,0,1,1,0,0,0,0,0,0,0,0,0,0,0,0,7.4123,1,54
1221,Raymond Edwards,0,0,1,1,0,0,0,0,0,0,0,0,0,0,0,0,7.4123,1,54
1220,Suzanne Goldberg,0,0,1,1,0,0,0,0,0,0,0,0,0,0,0,0,7.4123,1,54
70631,Johannes Sich,0,0,1,1,0,0,0,0,0,0,0,0,0,0,0,0,7.25246,1,57
11547,Jean-Louis Roubira,0,0,1,1,0,0,0,0,0,0,0,0,0,0,0,0,7.09388,1,58
28912,Christophe Raimbault,0,0,1,1,0,0,0,0,0,0,0,0,0,0,0,0,6.95904,1,59
6569,Karen Seyfarth,0,0,1,1,0,0,0,0,0,0,0,0,0,0,0,0,6.9204,1,60
25,Richard Borg,0,0,1,1,0,0,0,0,0,0,0,0,0,0,0,0,6.71514,1,61
7708,Susan McKinley Ross,0,0,1,1,0,0,0,0,0,0,0,0,0,0,0,0,6.61677,1,62
60694,Christian Stöhr,0,0,1,1,0,0,0,0,0,0,0,0,0,0,0,0,6.4697,1,63
119515,Daniela Stöhr,0,0,1,1,0,0,0,0,0,0,0,0,0,0,0,0,6.4697,1,63
5491,Dorothy Garrels,0,0,1,1,0,0,0,0,0,0,0,0,0,0,0,0,6.35096,1,65
5492,Fritz Ifland,0,0,1,1,0,0,0,0,0,0,0,0,0,0,0,0,6.35096,1,65
4088,Manfred Burggraf,0,0,1,1,0,0,0,0,0,0,0,0,0,0,0,0,6.35096,1,65
5493,Werner Scheerer,0,0,1,1,0,0,0,0,0,0,0,0,0,0,0,0,6.35096,1,65
5490,Werner Schlegel,0,0,1,1,0,0,0,0,0,0,0,0,0,0,0,0,6.35096,1,65
5495,Wolf Hoermann,0,0,1,1,0,0,0,0,0,0,0,0,0,0,0,0,6.35096,1,65
634,Ephraim Hertzano,0,0,1,1,0,0,0,0,0,0,0,0,0,0,0,0,6.27712,1,71
166,David Parlett,0,0,1,1,0,0,0,0,0,0,0,0,0,0,0,0,6.26571,1,72
4155,Thomas Liesching,0,0,1,1,0,0,0,0,0,0,0,0,0,0,0,0,6.25122,1,73
210,Rob Bontenbal,0,0,1,1,0,0,0,0,0,0,0,0,0,0,0,0,6.19074,1,74
1056,Bill Payne,0,0,1,1,0,0,0,0,0,0,0,0,0,0,0,0,6.11925,1,75
130,Werner Hodel,0,0,1,1,0,0,0,0,0,0,0,0,0,0,0,0,6.04106,1,76
250,David G. Watts,0,0,1,1,0,0,0,0,0,0,0,0,0,0,0,0,5.70048,1,77
432,Michel Matschoss,0,0,1,1,0,0,0,0,0,0,0,0,0,0,0,0,5.60825,1,78
111338,Elizabeth Hargrave,1,0,0,1,0,0,0,0,0,0,0,0,0,0,0,0,7.90633,1,79
92425,Peter Rustemeyer,1,0,0,1,0,0,0,0,0,0,0,0,0,0,0,0,7.30857,1,80
133041,Aske Christiansen,1,0,0,1,0,0,0,0,0,0,0,0,0,0,0,0,6.76209,1,81
42380,Johannes Krenner,1,0,0,1,0,0,0,0,0,0,0,0,0,0,0,0,6.51002,1,82
110904,Markus Slawitscheck,1,0,0,1,0,0,0,0,0,0,0,0,0,0,0,0,6.51002,1,82
66638,Brian Gomez,0,1,0,1,0,0,0,0,0,0,0,0,0,0,0,0,6.57054,1,84
1496,Brian Yu,0,1,0,1,0,0,0,0,0,0,0,0,0,0,0,0,6.55245,1,85
137,Carol Wiseley,0,1,0,1,0,0,0,0,0,0,0,0,0,0,0,0,6.50919,1,86
83763,Masaru Aoki,0,1,0,1,0,0,0,0,0,0,0,0,0,0,0,0,6.50919,1,86
3882,Michelle Schanen,0,1,0,1,0,0,0,0,0,0,0,0,0,0,0,0,5.92657,1,88
44455,Carmen Kleinert,0,1,0,1,0,0,0,0,0,0,0,0,0,0,0,0,5.70319,1,89
260,Armin Müller,0,1,0,1,0,0,0,0,0,0,0,0,0,0,0,0,5.63793,1,90
259,Martin Arnold,0,1,0,1,0,0,0,0,0,0,0,0,0,0,0,0,5.63793,1,90
91325,Antonin Boccara,0,1,0,1,0,0,0,0,0,0,0,0,0,0,0,0,5.5549,1,92
42714,Arthur Drescher,0,1,0,1,0,0,0,0,0,0,0,0,0,0,0,0,5.53636,1,93
3244,Heike Baum,0,1,0,1,0,0,0,0,0,0,0,0,0,0,0,0,5.51498,1,94
378,Matt Leacock,0,0,0,0,1,0,3,4,0,0,0,0,1,0,0,1,8.38212,5,95
10,Uwe Rosenberg,0,0,0,0,0,0,1,1,2,0,4,6,0,0,1,1,7.75163,8,96
142,Michael Rieneck,0,0,0,0,0,0,1,1,0,0,1,1,0,0,1,1,7.05777,3,97
442,Rob Daviau,0,0,0,0,1,0,0,1,0,0,0,0,1,0,0,1,8.38212,2,98
7391,Stefan Stadler,0,0,0,0,0,0,0,0,0,0,1,1,0,0,1,1,7.05777,2,99
295,Serge Laget,0,0,0,0,0,0,0,0,0,0,1,1,0,0,1,1,6.94328,2,100
5629,William Attia,0,0,0,0,0,0,0,0,0,0,0,0,0,0,1,1,7.51968,1,101
5,Jean du Poël,0,0,0,0,0,0,0,0,0,0,0,0,0,0,1,1,6.9781,1,102
7176,Nick Kellet,0,0,0,0,0,0,0,0,0,0,0,0,0,0,1,1,5.98886,1,103
301,Torsten Marold,0,0,0,0,0,0,0,0,0,0,0,0,0,0,1,1,5.53102,1,104
1791,Johannes Tranelis,0,0,0,0,0,0,0,0,0,0,0,0,0,0,1,1,5.51669,1,105
176,Thomas Fackler,0,0,0,0,0,0,0,0,0,0,0,0,0,0,1,1,5.50621,1,106
130986,Jeremy Koch,0,0,0,0,0,0,0,0,0,0,0,0,1,0,0,1,6.26391,1,107
130658,Mathieu Casnin,0,0,0,0,0,0,0,0,0,0,0,0,1,0,0,1,6.26391,1,107
156823,Mathieu Cassin,0,0,0,0,0,0,0,0,0,0,0,0,1,0,0,1,6.26391,1,107
10394,Thomas Cauët,0,0,0,0,0,0,0,0,0,0,0,0,1,0,0,1,6.26391,1,107
4009,Cyril Demaegd,0,0,0,0,0,0,0,0,0,0,0,0,0,1,0,1,6.06605,1,111
272,Jürgen P. Grunau,0,0,0,0,0,3,2,5,0,0,0,0,0,0,0,0,5.75894,5,112
13,Stefan Dorra,0,0,0,0,0,1,2,3,0,1,6,7,0,0,0,0,6.392,10,113
4958,Stefan Feld,0,0,0,0,3,0,0,3,1,0,5,6,0,0,0,0,8.01499,9,114
138,Leo Colovini,0,0,0,0,0,1,2,3,0,0,5,5,0,0,0,0,6.42728,8,115
2268,Hans Raggan,0,0,0,0,0,2,1,3,0,0,0,0,0,0,0,0,5.73354,3,116
3990,Wolfgang Dirscherl,0,0,0,0,0,2,0,2,0,4,0,4,0,0,0,0,5.60879,6,117
314,Ralf zur Linde,0,0,0,0,0,0,2,2,0,0,2,2,0,0,0,0,6.71118,4,118
95143,Kasper Lapp,0,0,0,0,0,0,2,2,0,1,1,2,0,0,0,0,6.8049,4,119
10614,Manfred Reindl,0,0,0,0,0,2,0,2,0,2,0,2,0,0,0,0,5.60879,4,120
928,Bernd Brunnhofer,0,0,0,0,0,0,2,2,0,0,1,1,0,0,0,0,7.40643,3,121
69007,Matthew Dunstan,0,0,0,0,1,0,1,2,0,0,1,1,0,0,0,0,6.89958,3,122
3540,Carlo A. Rossi,0,0,0,0,0,2,0,2,0,0,1,1,0,0,0,0,5.78455,3,123
11781,Steffen Benndorf,0,0,0,0,0,0,2,2,0,0,0,0,0,0,0,0,6.65441,2,124
34699,Matthias Cramer,0,0,0,0,2,0,0,2,0,0,0,0,0,0,0,0,7.1853,2,125
3432,Kirsten Becker,0,0,0,0,0,2,0,2,0,0,0,0,0,0,0,0,5.92321,2,126
12,Reinhard Staupe,0,0,0,0,0,1,0,1,0,2,7,9,0,0,0,0,6.10395,10,127
141,Friedemann Friese,0,0,0,0,0,0,1,1,1,0,3,4,0,0,0,0,7.70232,5,128
6736,Sébastien Pauchon,0,0,0,0,0,0,1,1,0,0,3,3,0,0,0,0,7.37335,4,129
249,Wolfgang Panning,0,0,0,0,0,0,1,1,0,0,3,3,0,0,0,0,7.00095,4,130
235,Aaron Weissblum,0,0,0,0,0,0,1,1,0,0,3,3,0,0,0,0,6.6397,4,131
961,Oliver Igelhaut,0,0,0,0,0,1,0,1,0,2,1,3,0,0,0,0,5.52336,4,132
1,Karl-Heinz Schmiel,0,0,0,0,0,0,1,1,0,0,2,2,0,0,0,0,7.04394,3,133
125,Bruno Faidutti,0,0,0,0,0,0,1,1,0,0,2,2,0,0,0,0,6.94743,3,134
8347,Phil Walker-Harding,0,0,0,0,0,0,1,1,0,0,2,2,0,0,0,0,6.9294,3,135
124,Corné van Moorsel,0,0,0,0,0,0,1,1,0,0,2,2,0,0,0,0,6.89511,3,136
79,Dominique Ehrhard,0,0,0,0,0,0,1,1,0,0,2,2,0,0,0,0,6.61952,3,137
57,Franz-Benno Delonge,0,0,0,0,0,0,1,1,0,0,2,2,0,0,0,0,6.42593,3,138
12547,Shem Phillips,0,0,0,0,1,0,0,1,2,0,0,2,0,0,0,0,7.68019,3,139
60151,Corentin Lebrat,0,0,0,0,0,1,0,1,0,0,2,2,0,0,0,0,6.8641,3,140
816,Hajo Bücken,0,0,0,0,0,1,0,1,0,0,2,2,0,0,0,0,5.52654,3,141
748,Markus Nikisch,0,0,0,0,0,1,0,1,0,2,0,2,0,0,0,0,5.55318,3,142
50969,Marc André,0,0,0,0,0,0,1,1,0,0,1,1,0,0,0,0,7.30295,2,143
85,Thorsten Gimmler,0,0,0,0,0,0,1,1,0,0,1,1,0,0,0,0,6.95337,2,144
7640,Paolo Mori,0,0,0,0,0,0,1,1,0,0,1,1,0,0,0,0,6.90018,2,145
6046,Ted Alspach,0,0,0,0,0,0,1,1,0,0,1,1,0,0,0,0,6.89571,2,146
11782,Wolfgang Sentker,0,0,0,0,0,0,1,1,0,0,1,1,0,0,0,0,6.71118,2,147
316,Tom Schoeps,0,0,0,0,0,0,1,1,0,0,1,1,0,0,0,0,5.52062,2,148
44054,Annick Lobet,0,0,0,0,0,0,1,1,0,1,0,1,0,0,0,0,6.95362,2,149
8132,Alain Rivollet,0,0,0,0,0,0,1,1,0,1,0,1,0,0,0,0,6.61285,2,150
65537,Gaëtan Beaujannot,0,0,0,0,0,0,1,1,0,1,0,1,0,0,0,0,6.61285,2,150
6045,Mac Gerdts,0,0,0,0,1,0,0,1,0,0,1,1,0,0,0,0,7.94407,2,152
56058,Brett J. Gilbert,0,0,0,0,1,0,0,1,0,0,1,1,0,0,0,0,6.89958,2,153
92370,Paul Dennen,0,0,0,0,1,0,0,1,1,0,0,1,0,0,0,0,8.22738,2,154
3612,Thomas Daum,0,0,0,0,0,1,0,1,0,1,0,1,0,0,0,0,5.58048,2,155
37919,Violetta Leitner,0,0,0,0,0,1,0,1,0,1,0,1,0,0,0,0,5.58048,2,155
3343,Andrew Lawson,0,0,0,0,0,1,0,1,0,1,0,1,0,0,0,0,5.52425,2,157
3342,Jack Lawson,0,0,0,0,0,1,0,1,0,1,0,1,0,0,0,0,5.52425,2,157
9792,Andreas Frei,0,0,0,0,0,1,0,1,0,1,0,1,0,0,0,0,5.51686,2,159
9794,Lukas Frei,0,0,0,0,0,1,0,1,0,1,0,1,0,0,0,0,5.51686,2,159
9793,Ueli Frei,0,0,0,0,0,1,0,1,0,1,0,1,0,0,0,0,5.51686,2,159
116503,Kei Kajino (梶野 桂),0,0,0,0,0,0,1,1,0,0,0,0,0,0,0,0,7.46571,1,162
34866,Marcel Süßelbeck,0,0,0,0,0,0,1,1,0,0,0,0,0,0,0,0,7.00095,1,163
34864,Marco Ruskowski,0,0,0,0,0,0,1,1,0,0,0,0,0,0,0,0,7.00095,1,163
4299,Peter Prinz,0,0,0,0,0,0,1,1,0,0,0,0,0,0,0,0,6.82779,1,165
124205,Aurélien Picolet,0,0,0,0,0,0,1,1,0,0,0,0,0,0,0,0,6.67617,1,166
68814,Masao Suganuma,0,0,0,0,0,0,1,1,0,0,0,0,0,0,0,0,6.4963,1,167
1532,Régis Bonnessée,0,0,0,0,0,0,1,1,0,0,0,0,0,0,0,0,6.27998,1,168
6741,Amanda Kohout,0,0,0,0,0,0,1,1,0,0,0,0,0,0,0,0,6.24887,1,169
6740,William Jacobson,0,0,0,0,0,0,1,1,0,0,0,0,0,0,0,0,6.24887,1,169
48,Wilko Manz,0,0,0,0,0,0,1,1,0,0,0,0,0,0,0,0,6.00587,1,171
840,Martin Schlegel,0,0,0,0,0,0,1,1,0,0,0,0,0,0,0,0,5.86294,1,172
3513,Norbert Proena,0,0,0,0,0,0,1,1,0,0,0,0,0,0,0,0,5.77216,1,173
52075,Jacob Fryxelius,0,0,0,0,1,0,0,1,0,0,0,0,0,0,0,0,8.2159,1,174
127823,Elwen,0,0,0,0,1,0,0,1,0,0,0,0,0,0,0,0,7.89997,1,175
127822,Mín,0,0,0,0,1,0,0,1,0,0,0,0,0,0,0,0,7.89997,1,175
158,Reiner Stockhausen,0,0,0,0,1,0,0,1,0,0,0,0,0,0,0,0,7.87377,1,177
109218,Jordy Adan,0,0,0,0,1,0,0,1,0,0,0,0,0,0,0,0,7.43716,1,178
57305,Andreas Steiger,0,0,0,0,1,0,0,1,0,0,0,0,0,0,0,0,7.42701,1,179
77564,Adam Rehberg,0,0,0,0,1,0,0,1,0,0,0,0,0,0,0,0,7.34315,1,180
98336,Ryan Lambert,0,0,0,0,1,0,0,1,0,0,0,0,0,0,0,0,7.34315,1,180
3440,Bruce Glassco,0,0,0,0,1,0,0,1,0,0,0,0,0,0,0,0,7.24797,1,182
4735,Ignacy Trzewiczek,0,0,0,0,1,0,0,1,0,0,0,0,0,0,0,0,7.2323,1,183
108405,Jakub Łapot,0,0,0,0,1,0,0,1,0,0,0,0,0,0,0,0,7.2323,1,183
99503,Przemysław Rymer,0,0,0,0,1,0,0,1,0,0,0,0,0,0,0,0,7.2323,1,183
69927,Manuel Rozoy,0,0,0,0,1,0,0,1,0,0,0,0,0,0,0,0,7.20243,1,186
87947,Peggy Chassenet,0,0,0,0,1,0,0,1,0,0,0,0,0,0,0,0,7.20243,1,186
54146,Louis Malz,0,0,0,0,1,0,0,1,0,0,0,0,0,0,0,0,7.1853,1,188
54147,Stefan Malz,0,0,0,0,1,0,0,1,0,0,0,0,0,0,0,0,7.1853,1,188
107037,Hal Duncan,0,0,0,0,1,0,0,1,0,0,0,0,0,0,0,0,7.18238,1,190
107036,Ruth Veevers,0,0,0,0,1,0,0,1,0,0,0,0,0,0,0,0,7.18238,1,190
91211,Hjalmar Hach,0,0,0,0,1,0,0,1,0,0,0,0,0,0,0,0,7.14447,1,192
28238,Lorenzo Silva,0,0,0,0,1,0,0,1,0,0,0,0,0,0,0,0,7.14447,1,192
30744,Andreas Schmidt,0,0,0,0,1,0,0,1,0,0,0,0,0,0,0,0,7.12499,1,194
77702,Koota Yamada,0,0,0,0,1,0,0,1,0,0,0,0,0,0,0,0,6.98784,1,195
7324,Adam Kałuża,0,0,0,0,1,0,0,1,0,0,0,0,0,0,0,0,6.74209,1,196
66521,Johannes Zirm,0,0,0,0,0,1,0,1,0,0,0,0,0,0,0,0,5.67988,1,197
80520,Asger Harding Granerud,0,0,0,0,0,1,0,1,0,0,0,0,0,0,0,0,5.67896,1,198
80521,Daniel Skjold Pedersen,0,0,0,0,0,1,0,1,0,0,0,0,0,0,0,0,5.67896,1,198
1379,Fréderic Moyersoen,0,0,0,0,0,1,0,1,0,0,0,0,0,0,0,0,5.63011,1,200
78240,Johann Roussel,0,0,0,0,0,1,0,1,0,0,0,0,0,0,0,0,5.62805,1,201
78238,Karim Aouidad,0,0,0,0,0,1,0,1,0,0,0,0,0,0,0,0,5.62805,1,201
6647,Christian Tiggemann,0,0,0,0,0,1,0,1,0,0,0,0,0,0,0,0,5.62169,1,203
6589,Maja Dorn,0,0,0,0,0,1,0,1,0,0,0,0,0,0,0,0,5.60395,1,204
545,Ronald Hofstätter,0,0,0,0,0,1,0,1,0,0,0,0,0,0,0,0,5.55215,1,205
34434,Jürgen Adams,0,0,0,0,0,1,0,1,0,0,0,0,0,0,0,0,5.55159,1,206
8360,Ariel Laden,0,0,0,0,0,1,0,1,0,0,0,0,0,0,0,0,5.53361,1,207
106414,Michael Kallauch,0,0,0,0,0,1,0,1,0,0,0,0,0,0,0,0,5.52903,1,208
113106,Sara Zarian,0,0,0,0,0,1,0,1,0,0,0,0,0,0,0,0,5.5205,1,209
60914,Karin Hetling,0,0,0,0,0,1,0,1,0,0,0,0,0,0,0,0,5.51925,1,210
11222,Dale Yu,0,0,0,0,0,1,0,1,0,0,0,0,0,0,0,0,5.51485,1,211
427,Hanno Girke,0,0,0,0,0,1,0,1,0,0,0,0,0,0,0,0,5.51485,1,211
11507,Klemens Franz,0,0,0,0,0,1,0,1,0,0,0,0,0,0,0,0,5.51485,1,211
64163,Iris Rossbach,0,0,0,0,0,1,0,1,0,0,0,0,0,0,0,0,5.49665,1,214
6008,Alessandro Zucchini,0,0,0,0,0,1,0,1,0,0,0,0,0,0,0,0,0.0,1,215
817,Dirk Hanneforth,0,0,0,0,0,1,0,1,0,0,0,0,0,0,0,0,0.0,1,215
6330,Rüdiger Husmeier,0,0,0,0,0,1,0,1,0,0,0,0,0,0,0,0,0.0,1,215
94,Reinhold Wittig,0,0,0,0,0,0,0,0,0,1,10,11,0,0,0,0,5.55915,11,218
244,Kris Burm,0,0,0,0,0,0,0,0,0,0,6,6,0,0,0,0,7.28326,6,219
365,Roland Siegers,0,0,0,0,0,0,0,0,0,0,6,6,0,0,0,0,5.52866,6,220
1210,Haim Shafir,0,0,0,0,0,0,0,0,0,6,0,6,0,0,0,0,5.779,6,221
144,Jacques Zeimet,0,0,0,0,0,0,0,0,0,0,5,5,0,0,0,0,6.58171,5,222
59,Marcel-André Casasola Merkle,0,0,0,0,0,0,0,0,0,0,4,4,0,0,0,0,6.61139,4,223
172,Urs Hostettler,0,0,0,0,0,0,0,0,0,0,4,4,0,0,0,0,6.34872,4,224
233,Johann Rüttinger,0,0,0,0,0,0,0,0,0,0,4,4,0,0,0,0,5.53844,4,225
35418,Simone Luciani,0,0,0,0,0,0,0,0,4,0,0,4,0,0,0,0,7.8479,4,226
491,Gunter Baars,0,0,0,0,0,0,0,0,0,4,0,4,0,0,0,0,5.55047,4,227
104,Eric Solomon,0,0,0,0,0,0,0,0,0,0,3,3,0,0,0,0,5.9195,3,228
72628,Théo Rivière,0,0,0,0,0,0,0,0,0,1,2,3,0,0,0,0,6.95688,3,229
4337,Ludovic Maublanc,0,0,0,0,0,0,0,0,0,1,2,3,0,0,0,0,6.8641,3,230
4308,Bernhard Lach,0,0,0,0,0,0,0,0,0,1,2,3,0,0,0,0,6.43657,3,231
4307,Uwe Rapp,0,0,0,0,0,0,0,0,0,1,2,3,0,0,0,0,6.43657,3,231
132,Günter Cornett,0,0,0,0,0,0,0,0,0,0,2,2,0,0,0,0,6.57875,2,233
74,Doris Matthäus,0,0,0,0,0,0,0,0,0,0,2,2,0,0,0,0,6.31302,2,234
75,Frank Nestel,0,0,0,0,0,0,0,0,0,0,2,2,0,0,0,0,6.31302,2,234
84,Peter Burley,0,0,0,0,0,0,0,0,0,0,2,2,0,0,0,0,6.28634,2,236
217,Max J. Kobbert,0,0,0,0,0,0,0,0,0,0,2,2,0,0,0,0,6.23243,2,237
101,Michel Lalet,0,0,0,0,0,0,0,0,0,0,2,2,0,0,0,0,6.21813,2,238
104579,Michael Loth,0,0,0,0,0,0,0,0,0,0,2,2,0,0,0,0,6.19828,2,239
7101,Rüdiger Koltze,0,0,0,0,0,0,0,0,0,0,2,2,0,0,0,0,6.19093,2,240
221,Robert Abbott,0,0,0,0,0,0,0,0,0,0,2,2,0,0,0,0,6.1251,2,241
83,Niek Neuwahl,0,0,0,0,0,0,0,0,0,0,2,2,0,0,0,0,6.12236,2,242
2790,Bernd Eisenstein,0,0,0,0,0,0,0,0,0,0,2,2,0,0,0,0,6.06935,2,243
190,Spartaco Albertarelli,0,0,0,0,0,0,0,0,0,0,2,2,0,0,0,0,6.0232,2,244
1106,Andrea Meyer,0,0,0,0,0,0,0,0,0,0,2,2,0,0,0,0,5.96581,2,245
8795,Robert Doyle,0,0,0,0,0,0,0,0,0,0,2,2,0,0,0,0,5.74523,2,246
254,Walter Müller,0,0,0,0,0,0,0,0,0,0,2,2,0,0,0,0,5.57662,2,247
1130,Gerhard E. Kodys,0,0,0,0,0,0,0,0,0,0,2,2,0,0,0,0,5.54414,2,248
609,Ferdinand Hein,0,0,0,0,0,0,0,0,0,0,2,2,0,0,0,0,5.50704,2,249
2141,Dieter Drkosch,0,0,0,0,0,0,0,0,0,0,2,2,0,0,0,0,0.0,2,250
150,Thomas Lehmann,0,0,0,0,0,0,0,0,1,0,1,2,0,0,0,0,7.43113,2,251
101836,Carlo Bortolini,0,0,0,0,0,0,0,0,1,0,1,2,0,0,0,0,6.42983,2,252
3418,David Franck,0,0,0,0,0,0,0,0,0,1,1,2,0,0,0,0,6.5428,2,253
3327,Laurent Escoffier,0,0,0,0,0,0,0,0,0,1,1,2,0,0,0,0,6.5428,2,253
237,Wolfgang Lehmann,0,0,0,0,0,0,0,0,0,1,1,2,0,0,0,0,6.02025,2,255
106170,Jonathan Favre-Godal,0,0,0,0,0,0,0,0,0,1,1,2,0,0,0,0,5.88894,2,256
68073,Ken Gruhl,0,0,0,0,0,0,0,0,0,1,1,2,0,0,0,0,5.84745,2,257
81298,Romaric Galonnier,0,0,0,0,0,0,0,0,0,1,1,2,0,0,0,0,5.69084,2,258
227,Bernhard Naegele,0,0,0,0,0,0,0,0,0,1,1,2,0,0,0,0,5.54481,2,259
275,Hartmut Witt,0,0,0,0,0,0,0,0,0,1,1,2,0,0,0,0,5.49458,2,260
59986,Daniele Tascini,0,0,0,0,0,0,0,0,2,0,0,2,0,0,0,0,7.70425,2,261
103821,S J Macdonald,0,0,0,0,0,0,0,0,2,0,0,2,0,0,0,0,7.68019,2,262
44378,Scott Frisco,0,0,0,0,0,0,0,0,0,2,0,2,0,0,0,0,6.72975,2,263
3911,Steven Strumpf,0,0,0,0,0,0,0,0,0,2,0,2,0,0,0,0,6.72975,2,263
5178,Klaus Miltenberger,0,0,0,0,0,0,0,0,0,2,0,2,0,0,0,0,6.52141,2,265
49760,Carlo Emanuele Lanzavecchia,0,0,0,0,0,0,0,0,0,2,0,2,0,0,0,0,5.58977,2,266
8767,Felix Beukemann,0,0,0,0,0,0,0,0,0,2,0,2,0,0,0,0,5.54484,2,267
2111,Liesbeth Bos,0,0,0,0,0,0,0,0,0,2,0,2,0,0,0,0,5.53245,2,268
84381,Anna Oppolzer,0,0,0,0,0,0,0,0,0,2,0,2,0,0,0,0,5.52423,2,269
77946,Stefan Kloß,0,0,0,0,0,0,0,0,0,2,0,2,0,0,0,0,5.52423,2,269
93,Klaus Kreowski,0,0,0,0,0,0,0,0,0,2,0,2,0,0,0,0,5.50075,2,271
4542,Angelika Lange,0,0,0,0,0,0,0,0,0,2,0,2,0,0,0,0,0.0,2,272
3524,Anja Wrede,0,0,0,0,0,0,0,0,0,2,0,2,0,0,0,0,0.0,2,272
4543,Jürgen Lange,0,0,0,0,0,0,0,0,0,2,0,2,0,0,0,0,0.0,2,272
12731,Kirsten Hiese,0,0,0,0,0,0,0,0,0,2,0,2,0,0,0,0,0.0,2,272
1018,Andreas Steding,0,0,0,0,0,0,0,0,0,0,1,1,0,0,0,0,7.46514,1,276
77890,Mikkel Bertelsen,0,0,0,0,0,0,0,0,0,0,1,1,0,0,0,0,7.24701,1,277
3302,Gord!,0,0,0,0,0,0,0,0,0,0,1,1,0,0,0,0,7.23251,1,278
9495,Seiji Kanai,0,0,0,0,0,0,0,0,0,0,1,1,0,0,0,0,7.12865,1,279
133522,François Romain,0,0,0,0,0,0,0,0,0,0,1,1,0,0,0,0,7.1205,1,280
37,Karsten Hartwig,0,0,0,0,0,0,0,0,0,0,1,1,0,0,0,0,7.10589,1,281
3526,Carl de Visser,0,0,0,0,0,0,0,0,0,0,1,1,0,0,0,0,7.03816,1,282
9733,Jarratt Gray,0,0,0,0,0,0,0,0,0,0,1,1,0,0,0,0,7.03816,1,282
1318,Hervé Marly,0,0,0,0,0,0,0,0,0,0,1,1,0,0,0,0,7.02212,1,284
116182,Molly Johnson,0,0,0,0,0,0,0,0,0,0,1,1,0,0,0,0,6.97053,1,285
116181,Robert Melvin,0,0,0,0,0,0,0,0,0,0,1,1,0,0,0,0,6.97053,1,285
116180,Shawn Stankewich,0,0,0,0,0,0,0,0,0,0,1,1,0,0,0,0,6.97053,1,285
144139,Jules Messaud,0,0,0,0,0,0,0,0,0,0,1,1,0,0,0,0,6.95668,1,288
43202,Joshua Buergel,0,0,0,0,0,0,0,0,0,0,1,1,0,0,0,0,6.90225,1,289
69462,Akihisa Okui,0,0,0,0,0,0,0,0,0,0,1,1,0,0,0,0,6.89571,1,290
13391,Gavin Birnbaum,0,0,0,0,0,0,0,0,0,0,1,1,0,0,0,0,6.89483,1,291
8097,Malcolm Braff,0,0,0,0,0,0,0,0,0,0,1,1,0,0,0,0,6.88518,1,292
12461,Bruce Allen,0,0,0,0,0,0,0,0,0,0,1,1,0,0,0,0,6.85581,1,293
4063,Kristian Amundsen Østby,0,0,0,0,0,0,0,0,0,0,1,1,0,0,0,0,6.7803,1,294
61330,Emerson Matsuuchi,0,0,0,0,0,0,0,0,0,0,1,1,0,0,0,0,6.73,1,295
1001,Bernard Tavitian,0,0,0,0,0,0,0,0,0,0,1,1,0,0,0,0,6.71761,1,296
78199,Alexandr Ushan,0,0,0,0,0,0,0,0,0,0,1,1,0,0,0,0,6.64703,1,297
76227,Dávid Turczi,0,0,0,0,0,0,0,0,0,0,1,1,0,0,0,0,6.63643,1,298
35005,Vangelis Bagiartakis,0,0,0,0,0,0,0,0,0,0,1,1,0,0,0,0,6.63643,1,298
80,Duccio Vitale,0,0,0,0,0,0,0,0,0,0,1,1,0,0,0,0,6.61952,1,300
72460,Justin Kemppainen,0,0,0,0,0,0,0,0,0,0,1,1,0,0,0,0,6.61952,1,300
111439,Győri Zoltán Gábor,0,0,0,0,0,0,0,0,0,0,1,1,0,0,0,0,6.6139,1,302
85851,Connor Reid,0,0,0,0,0,0,0,0,0,0,1,1,0,0,0,0,6.60757,1,303
264,Gerd Fenchel,0,0,0,0,0,0,0,0,0,0,1,1,0,0,0,0,6.58267,1,304
2815,Alvydas Jakeliunas,0,0,0,0,0,0,0,0,0,0,1,1,0,0,0,0,6.57875,1,305
75618,Aya Taguchi,0,0,0,0,0,0,0,0,0,0,1,1,0,0,0,0,6.57264,1,306
75617,Shun Taguchi,0,0,0,0,0,0,0,0,0,0,1,1,0,0,0,0,6.57264,1,306
921,Blaise Muller,0,0,0,0,0,0,0,0,0,0,1,1,0,0,0,0,6.55626,1,308
49,Philippe Keyaerts,0,0,0,0,0,0,0,0,0,0,1,1,0,0,0,0,6.53245,1,309
82544,佐藤 雄介 (Yusuke Sato),0,0,0,0,0,0,0,0,0,0,1,1,0,0,0,0,6.40323,1,310
2118,Stephen Glenn,0,0,0,0,0,0,0,0,0,0,1,1,0,0,0,0,6.36801,1,311
2286,Stefan Kögl,0,0,0,0,0,0,0,0,0,0,1,1,0,0,0,0,6.34851,1,312
2432,Francesco Rotta,0,0,0,0,0,0,0,0,0,0,1,1,0,0,0,0,6.26313,1,313
455,Hagen Dorgathen,0,0,0,0,0,0,0,0,0,0,1,1,0,0,0,0,6.25456,1,314
5766,Stefan Risthaus,0,0,0,0,0,0,0,0,0,0,1,1,0,0,0,0,6.24365,1,315
114258,Luka Krleža,0,0,0,0,0,0,0,0,0,0,1,1,0,0,0,0,6.22106,1,316
102,Laurent Levi,0,0,0,0,0,0,0,0,0,0,1,1,0,0,0,0,6.21813,1,317
67071,David Thompson (I),0,0,0,0,0,0,0,0,0,0,1,1,0,0,0,0,6.20047,1,318
4923,Christoph Cantzler,0,0,0,0,0,0,0,0,0,0,1,1,0,0,0,0,6.19215,1,319
10183,Din Li Tsan,0,0,0,0,0,0,0,0,0,0,1,1,0,0,0,0,6.19204,1,320
153553,Marcus Carleson,0,0,0,0,0,0,0,0,0,0,1,1,0,0,0,0,6.14916,1,321
366,John Bohrer,0,0,0,0,0,0,0,0,0,0,1,1,0,0,0,0,6.13332,1,322
3233,Brian Hersch,0,0,0,0,0,0,0,0,0,0,1,1,0,0,0,0,6.13093,1,323
5168,Andrew Plotkin,0,0,0,0,0,0,0,0,0,0,1,1,0,0,0,0,6.12899,1,324
6959,Dimitry Davidoff,0,0,0,0,0,0,0,0,0,0,1,1,0,0,0,0,6.12899,1,324
12779,Matthias Schmitt,0,0,0,0,0,0,0,0,0,0,1,1,0,0,0,0,6.1032,1,326
5363,Thomas Odenhoven,0,0,0,0,0,0,0,0,0,0,1,1,0,0,0,0,6.1032,1,326
87,Wolfgang Lüdtke,0,0,0,0,0,0,0,0,0,0,1,1,0,0,0,0,6.10156,1,328
2201,Kory Heath,0,0,0,0,0,0,0,0,0,0,1,1,0,0,0,0,6.09735,1,329
69099,Francisco Gallego Arredondo,0,0,0,0,0,0,0,0,0,0,1,1,0,0,0,0,5.98619,1,330
108574,Josep Izquierdo Sánchez,0,0,0,0,0,0,0,0,0,0,1,1,0,0,0,0,5.98619,1,330
108743,Martí Lucas Feliu,0,0,0,0,0,0,0,0,0,0,1,1,0,0,0,0,5.98619,1,330
41794,Gary Kim,0,0,0,0,0,0,0,0,0,0,1,1,0,0,0,0,5.98077,1,333
43874,Lauge Luchau,0,0,0,0,0,0,0,0,0,0,1,1,0,0,0,0,5.98037,1,334
3772,Erik Nielsen,0,0,0,0,0,0,0,0,0,0,1,1,0,0,0,0,5.96581,1,335
2729,Stefano Luperto,0,0,0,0,0,0,0,0,0,0,1,1,0,0,0,0,5.95985,1,336
488,H. Jean Vanaise,0,0,0,0,0,0,0,0,0,0,1,1,0,0,0,0,5.93984,1,337
111159,Christof Schilling,0,0,0,0,0,0,0,0,0,0,1,1,0,0,0,0,5.88528,1,338
111158,Dr. Hans Joachim Höh,0,0,0,0,0,0,0,0,0,0,1,1,0,0,0,0,5.88528,1,338
42256,Andreas Kuhnekath,0,0,0,0,0,0,0,0,0,0,1,1,0,0,0,0,5.87833,1,340
20996,Elena Prette,0,0,0,0,0,0,0,0,0,0,1,1,0,0,0,0,5.86391,1,341
20997,Marianna Fulvi,0,0,0,0,0,0,0,0,0,0,1,1,0,0,0,0,5.86391,1,341
9369,Martyn F,0,0,0,0,0,0,0,0,0,0,1,1,0,0,0,0,5.85571,1,343
116981,Jeremy Posner,0,0,0,0,0,0,0,0,0,0,1,1,0,0,0,0,5.84745,1,344
904,Claude Soucie,0,0,0,0,0,0,0,0,0,0,1,1,0,0,0,0,5.8359,1,345
139,Horst-Rainer Rösner,0,0,0,0,0,0,0,0,0,0,1,1,0,0,0,0,5.81934,1,346
3004,André Zatz,0,0,0,0,0,0,0,0,0,0,1,1,0,0,0,0,5.81305,1,347
3005,Sérgio Halaban,0,0,0,0,0,0,0,0,0,0,1,1,0,0,0,0,5.81305,1,347
1307,Brigitte Ditt,0,0,0,0,0,0,0,0,0,0,1,1,0,0,0,0,5.8034,1,349
1308,Wolfgang Ditt,0,0,0,0,0,0,0,0,0,0,1,1,0,0,0,0,5.8034,1,349
165,Mick Ado,0,0,0,0,0,0,0,0,0,0,1,1,0,0,0,0,5.79821,1,351
60012,Patrick Zuidhof,0,0,0,0,0,0,0,0,0,0,1,1,0,0,0,0,5.79428,1,352
49795,Ronald Hoekstra,0,0,0,0,0,0,0,0,0,0,1,1,0,0,0,0,5.79428,1,352
3973,Thomas Jansen,0,0,0,0,0,0,0,0,0,0,1,1,0,0,0,0,5.79428,1,352
3569,Eiji Wakasugi,0,0,0,0,0,0,0,0,0,0,1,1,0,0,0,0,5.79261,1,355
59211,Hiroaki Suzuki,0,0,0,0,0,0,0,0,0,0,1,1,0,0,0,0,5.79261,1,355
3082,Jeff Smets,0,0,0,0,0,0,0,0,0,0,1,1,0,0,0,0,5.78734,1,357
3548,R. Wayne Schmittberger,0,0,0,0,0,0,0,0,0,0,1,1,0,0,0,0,5.78734,1,357
11797,Christof Tisch,0,0,0,0,0,0,0,0,0,0,1,1,0,0,0,0,5.76683,1,359
180,Bertram Kaes,0,0,0,0,0,0,0,0,0,0,1,1,0,0,0,0,5.76434,1,360
57468,Frank Bebenroth,0,0,0,0,0,0,0,0,0,0,1,1,0,0,0,0,5.75805,1,361
108002,Dave Neale,0,0,0,0,0,0,0,0,0,0,1,1,0,0,0,0,5.75235,1,362
6076,Christian Fiore,0,0,0,0,0,0,0,0,0,0,1,1,0,0,0,0,5.75148,1,363
5930,Knut Happel,0,0,0,0,0,0,0,0,0,0,1,1,0,0,0,0,5.75148,1,363
8679,Heinz Wüppen,0,0,0,0,0,0,0,0,0,0,1,1,0,0,0,0,5.75132,1,365
12705,Wesly Gibs,0,0,0,0,0,0,0,0,0,0,1,1,0,0,0,0,5.73979,1,366
200,Ben van Dijk,0,0,0,0,0,0,0,0,0,0,1,1,0,0,0,0,5.73178,1,367
199,Wil Dijkstra,0,0,0,0,0,0,0,0,0,0,1,1,0,0,0,0,5.73178,1,367
331,Wolfgang Werner,0,0,0,0,0,0,0,0,0,0,1,1,0,0,0,0,5.72255,1,369
218,Frederick A. Herschler,0,0,0,0,0,0,0,0,0,0,1,1,0,0,0,0,5.71151,1,370
45,Gilles Monnet,0,0,0,0,0,0,0,0,0,0,1,1,0,0,0,0,5.69822,1,371
125005,Cécile Ziégler,0,0,0,0,0,0,0,0,0,0,1,1,0,0,0,0,5.69084,1,372
125003,Julie Dutois,0,0,0,0,0,0,0,0,0,0,1,1,0,0,0,0,5.69084,1,372
125004,Ludovic Simonet,0,0,0,0,0,0,0,0,0,0,1,1,0,0,0,0,5.69084,1,372
7204,David D'Arcey,0,0,0,0,0,0,0,0,0,0,1,1,0,0,0,0,5.68793,1,375
382,Frank Thibault,0,0,0,0,0,0,0,0,0,0,1,1,0,0,0,0,5.68793,1,375
8384,"G. W. ""Jerry"" D'Arcey",0,0,0,0,0,0,0,0,0,0,1,1,0,0,0,0,5.68793,1,375
1214,Pierre Jacquot,0,0,0,0,0,0,0,0,0,0,1,1,0,0,0,0,5.68769,1,378
219,Philippe des Pallières,0,0,0,0,0,0,0,0,0,0,1,1,0,0,0,0,5.67796,1,379
90042,Daniel Fehr,0,0,0,0,0,0,0,0,0,0,1,1,0,0,0,0,5.66441,1,380
146537,Tristan Williams,0,0,0,0,0,0,0,0,0,0,1,1,0,0,0,0,5.65287,1,381
1126,Christian Freeling,0,0,0,0,0,0,0,0,0,0,1,1,0,0,0,0,5.64654,1,382
2328,Roland Goslar,0,0,0,0,0,0,0,0,0,0,1,1,0,0,0,0,5.64311,1,383
2327,Tobias Goslar,0,0,0,0,0,0,0,0,0,0,1,1,0,0,0,0,5.64311,1,383
2077,Claude Weber,0,0,0,0,0,0,0,0,0,0,1,1,0,0,0,0,5.63861,1,385
3063,Dieter Stein,0,0,0,0,0,0,0,0,0,0,1,1,0,0,0,0,5.63741,1,386
1205,Manfred Schuling,0,0,0,0,0,0,0,0,0,0,1,1,0,0,0,0,5.61069,1,387
52026,Antonio Scrittore,0,0,0,0,0,0,0,0,0,0,1,1,0,0,0,0,5.60926,1,388
245,Ron Dubren,0,0,0,0,0,0,0,0,0,0,1,1,0,0,0,0,5.59841,1,389
114,Hanno Kuhn,0,0,0,0,0,0,0,0,0,0,1,1,0,0,0,0,5.59791,1,390
115,Wilfried Kuhn,0,0,0,0,0,0,0,0,0,0,1,1,0,0,0,0,5.59791,1,390
29035,Hans-Peter Stoll,0,0,0,0,0,0,0,0,0,0,1,1,0,0,0,0,5.57484,1,392
193,Reinhard Herbert,0,0,0,0,0,0,0,0,0,0,1,1,0,0,0,0,5.56618,1,393
862,Björn Hölle,0,0,0,0,0,0,0,0,0,0,1,1,0,0,0,0,5.54733,1,394
5866,Adam Ritchey,0,0,0,0,0,0,0,0,0,0,1,1,0,0,0,0,5.54729,1,395
513,Elke Flogaus,0,0,0,0,0,0,0,0,0,0,1,1,0,0,0,0,5.54467,1,396
511,Kurt Feyerabend,0,0,0,0,0,0,0,0,0,0,1,1,0,0,0,0,5.54467,1,396
287,Michael Gray,0,0,0,0,0,0,0,0,0,0,1,1,0,0,0,0,5.54195,1,398
4363,Teruo Matsumoto,0,0,0,0,0,0,0,0,0,0,1,1,0,0,0,0,5.54195,1,398
74724,Frank Warneke,0,0,0,0,0,0,0,0,0,0,1,1,0,0,0,0,5.54164,1,400
74723,Robert Witter,0,0,0,0,0,0,0,0,0,0,1,1,0,0,0,0,5.54164,1,400
1336,Michael Sohre,0,0,0,0,0,0,0,0,0,0,1,1,0,0,0,0,5.54157,1,402
28051,A. Robert Moog,0,0,0,0,0,0,0,0,0,0,1,1,0,0,0,0,5.53565,1,403
1390,Scott A. Mednick,0,0,0,0,0,0,0,0,0,0,1,1,0,0,0,0,5.53565,1,403
34,Bill Eberle,0,0,0,0,0,0,0,0,0,0,1,1,0,0,0,0,5.53254,1,405
35,Jack Kittredge,0,0,0,0,0,0,0,0,0,0,1,1,0,0,0,0,5.53254,1,405
36,Peter Olotka,0,0,0,0,0,0,0,0,0,0,1,1,0,0,0,0,5.53254,1,405
4323,Mario Papini,0,0,0,0,0,0,0,0,0,0,1,1,0,0,0,0,5.53203,1,408
425,Werner Falkhof,0,0,0,0,0,0,0,0,0,0,1,1,0,0,0,0,5.52576,1,409
1429,Detlef Wendt,0,0,0,0,0,0,0,0,0,0,1,1,0,0,0,0,5.52565,1,410
430,Herbert Schützdeller,0,0,0,0,0,0,0,0,0,0,1,1,0,0,0,0,5.51946,1,411
387,Walter Ziser,0,0,0,0,0,0,0,0,0,0,1,1,0,0,0,0,5.51714,1,412
45564,Ralf-Peter Gebhardt,0,0,0,0,0,0,0,0,0,0,1,1,0,0,0,0,5.51632,1,413
814,Karsten Adlung,0,0,0,0,0,0,0,0,0,0,1,1,0,0,0,0,5.51522,1,414
581,Michael Rüttinger,0,0,0,0,0,0,0,0,0,0,1,1,0,0,0,0,5.51353,1,415
1356,Michael K. Lorrigan,0,0,0,0,0,0,0,0,0,0,1,1,0,0,0,0,5.51352,1,416
1355,S. Ray,0,0,0,0,0,0,0,0,0,0,1,1,0,0,0,0,5.51352,1,416
538,André François,0,0,0,0,0,0,0,0,0,0,1,1,0,0,0,0,5.51319,1,418
40631,Julien Sentis,0,0,0,0,0,0,0,0,0,0,1,1,0,0,0,0,5.50751,1,419
6305,Frank Dyksterhuis,0,0,0,0,0,0,0,0,0,0,1,1,0,0,0,0,5.50557,1,420
6304,Mark Wood,0,0,0,0,0,0,0,0,0,0,1,1,0,0,0,0,5.50557,1,420
1388,Duilio Carpitella,0,0,0,0,0,0,0,0,0,0,1,1,0,0,0,0,5.50314,1,422
1176,Charles Lerue,0,0,0,0,0,0,0,0,0,0,1,1,0,0,0,0,5.50206,1,423
397,Richard K Morgan,0,0,0,0,0,0,0,0,0,0,1,1,0,0,0,0,5.50109,1,424
782,Christian Raffeiner,0,0,0,0,0,0,0,0,0,0,1,1,0,0,0,0,5.49944,1,425
783,Helmut Walch,0,0,0,0,0,0,0,0,0,0,1,1,0,0,0,0,5.49944,1,425
855,Andreas Steiner,0,0,0,0,0,0,0,0,0,0,1,1,0,0,0,0,5.49458,1,427
2114,Wayne Bobette,0,0,0,0,0,0,0,0,0,0,1,1,0,0,0,0,5.49121,1,428
146,Helga Huber,0,0,0,0,0,0,0,0,0,0,1,1,0,0,0,0,5.48052,1,429
147,Hermann Huber,0,0,0,0,0,0,0,0,0,0,1,1,0,0,0,0,5.48052,1,429
911,Brian Taylor,0,0,0,0,0,0,0,0,0,0,1,1,0,0,0,0,5.46304,1,431
912,Peter Forbes,0,0,0,0,0,0,0,0,0,0,1,1,0,0,0,0,5.46304,1,431
11050,Howard J. Morrison,0,0,0,0,0,0,0,0,0,0,1,1,0,0,0,0,5.06668,1,433
11051,Lenny Cope,0,0,0,0,0,0,0,0,0,0,1,1,0,0,0,0,5.06668,1,433
6430,Ralph Baer,0,0,0,0,0,0,0,0,0,0,1,1,0,0,0,0,5.06668,1,433
2819,David Wells,0,0,0,0,0,0,0,0,0,0,1,1,0,0,0,0,0.0,1,436
377,Gilbert Obermair,0,0,0,0,0,0,0,0,0,0,1,1,0,0,0,0,0.0,1,436
5307,Hans-Jörg Nürnberger,0,0,0,0,0,0,0,0,0,0,1,1,0,0,0,0,0.0,1,436
159,Henri Sala,0,0,0,0,0,0,0,0,0,0,1,1,0,0,0,0,0.0,1,436
5339,Kenneth Rand,0,0,0,0,0,0,0,0,0,0,1,1,0,0,0,0,0.0,1,436
1147,Knut-Michael Wolf,0,0,0,0,0,0,0,0,0,0,1,1,0,0,0,0,0.0,1,436
839,Marco Donadoni,0,0,0,0,0,0,0,0,0,0,1,1,0,0,0,0,0.0,1,436
5340,Norbert Lechleitner,0,0,0,0,0,0,0,0,0,0,1,1,0,0,0,0,0.0,1,436
2684,Oded Berman,0,0,0,0,0,0,0,0,0,0,1,1,0,0,0,0,0.0,1,436
523,Peter Lewe,0,0,0,0,0,0,0,0,0,0,1,1,0,0,0,0,0.0,1,436
1480,Peter Pallat,0,0,0,0,0,0,0,0,0,0,1,1,0,0,0,0,0.0,1,436
5281,Rudolf Schweikert,0,0,0,0,0,0,0,0,0,0,1,1,0,0,0,0,0.0,1,436
5280,Wilfried Bauer,0,0,0,0,0,0,0,0,0,0,1,1,0,0,0,0,0.0,1,436
138517,Mathias Wigge,0,0,0,0,0,0,0,0,1,0,0,1,0,0,0,0,8.33293,1,449
69802,Isaac Childres,0,0,0,0,0,0,0,0,1,0,0,1,0,0,0,0,8.17176,1,450
4407,Helge Ostertag,0,0,0,0,0,0,0,0,1,0,0,1,0,0,0,0,7.89979,1,451
4300,Jens Drögemüller,0,0,0,0,0,0,0,0,1,0,0,1,0,0,0,0,7.89979,1,451
108836,Tommaso Battista,0,0,0,0,0,0,0,0,1,0,0,1,0,0,0,0,7.8479,1,453
9307,Vladimír Suchý,0,0,0,0,0,0,0,0,1,0,0,1,0,0,0,0,7.78719,1,454
1533,Eric M. Lang,0,0,0,0,0,0,0,0,1,0,0,1,0,0,0,0,7.76003,1,455
126022,Jenny Iglesias,0,0,0,0,0,0,0,0,1,0,0,1,0,0,0,0,7.61732,1,456
88122,Kevin Riley,0,0,0,0,0,0,0,0,1,0,0,1,0,0,0,0,7.61732,1,456
72770,Nick Little (I),0,0,0,0,0,0,0,0,1,0,0,1,0,0,0,0,7.61732,1,456
2748,Helmut Ohley,0,0,0,0,0,0,0,0,1,0,0,1,0,0,0,0,7.49323,1,459
1828,"Leonhard ""Lonny"" Orgler",0,0,0,0,0,0,0,0,1,0,0,1,0,0,0,0,7.49323,1,459
43218,Yohan Lemonnier,0,0,0,0,0,0,0,0,1,0,0,1,0,0,0,0,7.31396,1,461
52377,Nestore Mangone,0,0,0,0,0,0,0,0,1,0,0,1,0,0,0,0,7.06821,1,462
139861,Christian Kudahl,0,0,0,0,0,0,0,0,1,0,0,1,0,0,0,0,7.02758,1,463
139860,Marvin Hegen,0,0,0,0,0,0,0,0,1,0,0,1,0,0,0,0,7.02758,1,463
14,Richard Garfield,0,0,0,0,0,0,0,0,1,0,0,1,0,0,0,0,7.02758,1,463
118,Skaff Elias,0,0,0,0,0,0,0,0,1,0,0,1,0,0,0,0,7.02758,1,463
38335,Sébastien Dujardin,0,0,0,0,0,0,0,0,1,0,0,1,0,0,0,0,6.94201,1,467
79931,Fabien Riffaud,0,0,0,0,0,0,0,0,1,0,0,1,0,0,0,0,6.90411,1,468
2098,Juan Rodriguez,0,0,0,0,0,0,0,0,1,0,0,1,0,0,0,0,6.90411,1,468
76530,Martino Chiacchiera,0,0,0,0,0,0,0,0,1,0,0,1,0,0,0,0,6.72129,1,470
117987,Head Quarter Simulation Game Club,0,0,0,0,0,0,0,0,1,0,0,1,0,0,0,0,6.70192,1,471
105994,Claudia Partenheimer,0,0,0,0,0,0,0,0,1,0,0,1,0,0,0,0,6.61181,1,472
105995,Ralf Partenheimer,0,0,0,0,0,0,0,0,1,0,0,1,0,0,0,0,6.61181,1,472
51590,Greg Daigle,0,0,0,0,0,0,0,0,1,0,0,1,0,0,0,0,6.60639,1,474
76303,Masato Uesugi,0,0,0,0,0,0,0,0,1,0,0,1,0,0,0,0,6.5654,1,475
75577,Maxime Rambourg,0,0,0,0,0,0,0,0,1,0,0,1,0,0,0,0,6.54873,1,476
52007,Hope S. Hwang,0,0,0,0,0,0,0,0,1,0,0,1,0,0,0,0,6.43022,1,477
2762,Emanuele Ornella,0,0,0,0,0,0,0,0,1,0,0,1,0,0,0,0,6.03236,1,478
63813,Kalle Krenzer,0,0,0,0,0,0,0,0,1,0,0,1,0,0,0,0,5.96387,1,479
77911,Jochen Scherer,0,0,0,0,0,0,0,0,1,0,0,1,0,0,0,0,5.9234,1,480
51251,Martin Kallenborn,0,0,0,0,0,0,0,0,1,0,0,1,0,0,0,0,5.9234,1,480
109544,Colt Tipaton-Johnson,0,0,0,0,0,0,0,0,0,1,0,1,0,0,0,0,6.56826,1,482
27808,Marisa Peña,0,0,0,0,0,0,0,0,0,1,0,1,0,0,0,0,6.56826,1,482
105688,Shanon Lyon,0,0,0,0,0,0,0,0,0,1,0,1,0,0,0,0,6.56826,1,482
5114,Miranda Evarts,0,0,0,0,0,0,0,0,0,1,0,1,0,0,0,0,6.10444,1,485
51522,Emely Brand,0,0,0,0,0,0,0,0,0,1,0,1,0,0,0,0,6.0877,1,486
51523,Lukas Brand,0,0,0,0,0,0,0,0,0,1,0,1,0,0,0,0,6.0877,1,486
77649,Jean-François Rochas,0,0,0,0,0,0,0,0,0,1,0,1,0,0,0,0,5.99568,1,488
57953,Nicolas Bourgoin,0,0,0,0,0,0,0,0,0,1,0,1,0,0,0,0,5.99568,1,488
4369,Chris Childs,0,0,0,0,0,0,0,0,0,1,0,1,0,0,0,0,5.73879,1,490
4368,Tony Richardson,0,0,0,0,0,0,0,0,0,1,0,1,0,0,0,0,5.73879,1,490
567,Peter Sarrett,0,0,0,0,0,0,0,0,0,1,0,1,0,0,0,0,5.66782,1,492
3247,Roberto Di Meglio,0,0,0,0,0,0,0,0,0,1,0,1,0,0,0,0,5.63281,1,493
68072,Quentin Weir,0,0,0,0,0,0,0,0,0,1,0,1,0,0,0,0,5.62513,1,494
8045,Josep M. Allué,0,0,0,0,0,0,0,0,0,1,0,1,0,0,0,0,5.62309,1,495
84067,Roméo Hennion,0,0,0,0,0,0,0,0,0,1,0,1,0,0,0,0,5.57269,1,496
102038,Erwan Morin,0,0,0,0,0,0,0,0,0,1,0,1,0,0,0,0,5.56878,1,497
54144,Joel Escalante,0,0,0,0,0,0,0,0,0,1,0,1,0,0,0,0,5.5685,1,498
54143,Rafael Escalante,0,0,0,0,0,0,0,0,0,1,0,1,0,0,0,0,5.5685,1,498
35250,Bastiaan Brederode,0,0,0,0,0,0,0,0,0,1,0,1,0,0,0,0,5.55637,1,500
22684,Cephas Howard,0,0,0,0,0,0,0,0,0,1,0,1,0,0,0,0,5.55637,1,500
64265,Jérémy Peytevin,0,0,0,0,0,0,0,0,0,1,0,1,0,0,0,0,5.54979,1,502
11333,Christian Sovis,0,0,0,0,0,0,0,0,0,1,0,1,0,0,0,0,5.54749,1,503
3779,Sonja Häßler,0,0,0,0,0,0,0,0,0,1,0,1,0,0,0,0,5.54539,1,504
8103,Christian Lemay,0,0,0,0,0,0,0,0,0,1,0,1,0,0,0,0,5.54193,1,505
78797,Florian Sirieix,0,0,0,0,0,0,0,0,0,1,0,1,0,0,0,0,5.54188,1,506
6818,Flaminia Brasini,0,0,0,0,0,0,0,0,0,1,0,1,0,0,0,0,5.53566,1,507
48170,Marco Pranzo,0,0,0,0,0,0,0,0,0,1,0,1,0,0,0,0,5.53566,1,507
6817,Virginio Gigli,0,0,0,0,0,0,0,0,0,1,0,1,0,0,0,0,5.53566,1,507
112154,Florian Biege,0,0,0,0,0,0,0,0,0,1,0,1,0,0,0,0,5.5334,1,510
44443,Marek Zoschl,0,0,0,0,0,0,0,0,0,1,0,1,0,0,0,0,5.52867,1,511
85285,Tim Rogasch,0,0,0,0,0,0,0,0,0,1,0,1,0,0,0,0,5.52471,1,512
7282,Chislaine van den Bulk,0,0,0,0,0,0,0,0,0,1,0,1,0,0,0,0,5.52402,1,513
942,Thierry Denoual,0,0,0,0,0,0,0,0,0,1,0,1,0,0,0,0,5.52312,1,514
6623,Jürgen Then,0,0,0,0,0,0,0,0,0,1,0,1,0,0,0,0,5.5188,1,515
80476,Florian Nadler,0,0,0,0,0,0,0,0,0,1,0,1,0,0,0,0,5.51479,1,516
607,Walter Obert,0,0,0,0,0,0,0,0,0,1,0,1,0,0,0,0,5.51168,1,517
3778,Manfred Kapp,0,0,0,0,0,0,0,0,0,1,0,1,0,0,0,0,5.51079,1,518
3777,Ulrike Gattermeyer-Kapp,0,0,0,0,0,0,0,0,0,1,0,1,0,0,0,0,5.51079,1,518
236,Christine Lehmann,0,0,0,0,0,0,0,0,0,1,0,1,0,0,0,0,5.50952,1,520
3841,Eligio Cazzato,0,0,0,0,0,0,0,0,0,1,0,1,0,0,0,0,5.50796,1,521
1726,Frank Stark,0,0,0,0,0,0,0,0,0,1,0,1,0,0,0,0,5.50759,1,522
111812,Justin Lee,0,0,0,0,0,0,0,0,0,1,0,1,0,0,0,0,5.50597,1,523
8022,Rita Franz,0,0,0,0,0,0,0,0,0,1,0,1,0,0,0,0,5.50297,1,524
8566,Helmut Hecht,0,0,0,0,0,0,0,0,0,1,0,1,0,0,0,0,5.49246,1,525
4677,Steffen Mühlhäuser,0,0,0,0,0,0,0,0,0,1,0,1,0,0,0,0,5.47893,1,526
113670,Seven Towns,0,0,0,0,0,0,0,0,0,1,0,1,0,0,0,0,5.47634,1,527
59321,Alex Sanders,0,0,0,0,0,0,0,0,0,1,0,1,0,0,0,0,0.0,1,528
30759,Alix-Kis Bouguerra,0,0,0,0,0,0,0,0,0,1,0,1,0,0,0,0,0.0,1,528
6334,Aniwat Rerkrai,0,0,0,0,0,0,0,0,0,1,0,1,0,0,0,0,0.0,1,528
3735,Anja Dreier-Brückner,0,0,0,0,0,0,0,0,0,1,0,1,0,0,0,0,0.0,1,528
3505,Annette Birlenbach,0,0,0,0,0,0,0,0,0,1,0,1,0,0,0,0,0.0,1,528
5070,Barbara Schyns,0,0,0,0,0,0,0,0,0,1,0,1,0,0,0,0,0.0,1,528
3980,Brian S. Spence,0,0,0,0,0,0,0,0,0,1,0,1,0,0,0,0,0.0,1,528
69969,Christian Hutzler,0,0,0,0,0,0,0,0,0,1,0,1,0,0,0,0,0.0,1,528
10264,Christine Basler,0,0,0,0,0,0,0,0,0,1,0,1,0,0,0,0,0.0,1,528
483,Edith Grein-Böttcher,0,0,0,0,0,0,0,0,0,1,0,1,0,0,0,0,0.0,1,528
1794,Eugen Wyss,0,0,0,0,0,0,0,0,0,1,0,1,0,0,0,0,0.0,1,528
315,Garrett J. Donner,0,0,0,0,0,0,0,0,0,1,0,1,0,0,0,0,0.0,1,528
9695,Grégory Kirszbaum,0,0,0,0,0,0,0,0,0,1,0,1,0,0,0,0,0.0,1,528
1898,Helmut Huber,0,0,0,0,0,0,0,0,0,1,0,1,0,0,0,0,0.0,1,528
4809,Helmut Punke,0,0,0,0,0,0,0,0,0,1,0,1,0,0,0,0,0.0,1,528
64767,Ivan de Faveri,0,0,0,0,0,0,0,0,0,1,0,1,0,0,0,0,0.0,1,528
8888,Jörg Domberger,0,0,0,0,0,0,0,0,0,1,0,1,0,0,0,0,0.0,1,528
62766,Kerstin Wallner,0,0,0,0,0,0,0,0,0,1,0,1,0,0,0,0,0.0,1,528
10669,Laima Kikutienè,0,0,0,0,0,0,0,0,0,1,0,1,0,0,0,0,0.0,1,528
73432,Laima Zulonė,0,0,0,0,0,0,0,0,0,1,0,1,0,0,0,0,0.0,1,528
130860,Laurent Toulouse,0,0,0,0,0,0,0,0,0,1,0,1,0,0,0,0,0.0,1,528
37907,Manuela Hintner,0,0,0,0,0,0,0,0,0,1,0,1,0,0,0,0,0.0,1,528
8766,Margret Lochner,0,0,0,0,0,0,0,0,0,1,0,1,0,0,0,0,0.0,1,528
10246,Matthias Prinz,0,0,0,0,0,0,0,0,0,1,0,1,0,0,0,0,0.0,1,528
3397,Max Gerchambeau,0,0,0,0,0,0,0,0,0,1,0,1,0,0,0,0,0.0,1,528
1050,Michael S. Steer,0,0,0,0,0,0,0,0,0,1,0,1,0,0,0,0,0.0,1,528
597,Peter Neugebauer,0,0,0,0,0,0,0,0,0,1,0,1,0,0,0,0,0.0,1,528
405,Peter Wichmann,0,0,0,0,0,0,0,0,0,1,0,1,0,0,0,0,0.0,1,528
9962,Prof. Dr. Gerhard Friedrich,0,0,0,0,0,0,0,0,0,1,0,1,0,0,0,0,0.0,1,528
6525,Stefan Olschewski,0,0,0,0,0,0,0,0,0,1,0,1,0,0,0,0,0.0,1,528
2302,Susanne Armbruster,0,0,0,0,0,0,0,0,0,1,0,1,0,0,0,0,0.0,1,528
10407,Susanne Galonska,0,0,0,0,0,0,0,0,0,1,0,1,0,0,0,0,0.0,1,528
79777,Sébastien Decad,0,0,0,0,0,0,0,0,0,1,0,1,0,0,0,0,0.0,1,528
5108,Tanja Engel,0,0,0,0,0,0,0,0,0,1,0,1,0,0,0,0,0.0,1,528
305,Thilo Hutzler,0,0,0,0,0,0,0,0,0,1,0,1,0,0,0,0,0.0,1,528
37906,Thomas Strolz,0,0,0,0,0,0,0,0,0,1,0,1,0,0,0,0,0.0,1,528
951,Uli Geissler,0,0,0,0,0,0,0,0,0,1,0,1,0,0,0,0,0.0,1,528
4849,Viola de Galgóczy,0,0,0,0,0,0,0,0,0,1,0,1,0,0,0,0,0.0,1,528
111422,Yann Dupont,0,0,0,0,0,0,0,0,0,1,0,1,0,0,0,0,0.0,1,528
