country_code,country_name,flag,population,population_rank,num_users,total_ratings,total_ratings_rank,ratings_per_capita,ratings_per_capita_rank,top_game_bgg_id,top_game_name,top_game_year,top_game_num_ratings,top_game_avg_rating,top_game_bayes_rating
us,United States,ğŸ‡ºğŸ‡¸,331893745,3,131718,7724670,1,2327.453,9,161936,Pandemic Legacy: Season 1,2015,14997,8.591,8.440
de,Germany,ğŸ‡©ğŸ‡ª,83196078,19,18994,1457331,2,1751.682,17,342942,Ark Nova,2021,3153,8.718,8.576
ca,Canada,ğŸ‡¨ğŸ‡¦,38246108,38,23360,1390808,3,3636.469,3,174430,Gloomhaven,2017,3400,8.628,8.505
gb,United Kingdom,ğŸ‡¬ğŸ‡§,67326569,22,24336,1300630,4,1931.823,13,161936,Pandemic Legacy: Season 1,2015,2679,8.702,8.554
es,Spain,ğŸ‡ªğŸ‡¸,47415750,30,15976,913273,5,1926.096,14,224517,Brass: Birmingham,2018,1959,8.665,8.524
pl,Poland,ğŸ‡µğŸ‡±,37747124,39,11846,620932,6,1644.978,18,187645,Star Wars: Rebellion,2016,1264,8.737,8.585
it,Italy,ğŸ‡®ğŸ‡¹,59109668,25,9139,550227,7,930.858,28,182028,Through the Ages: A New Story of Civilization,2015,1150,8.635,8.492
fr,France,ğŸ‡«ğŸ‡·,67749632,21,10623,529825,8,782.034,31,342942,Ark Nova,2021,1006,8.762,8.599
nl,Netherlands,ğŸ‡³ğŸ‡±,17533044,68,7540,469959,9,2680.419,7,224517,Brass: Birmingham,2018,665,8.623,8.417
au,Australia,ğŸ‡¦ğŸ‡º,25688079,55,9235,468659,10,1824.422,16,161936,Pandemic Legacy: Season 1,2015,1063,8.639,8.506
be,Belgium,ğŸ‡§ğŸ‡ª,11592952,81,5886,414485,11,3575.319,4,174430,Gloomhaven,2017,718,8.617,8.446
se,Sweden,ğŸ‡¸ğŸ‡ª,10415811,89,6236,347642,12,3337.637,5,224517,Brass: Birmingham,2018,666,8.499,8.350
fi,Finland,ğŸ‡«ğŸ‡®,5541017,116,3103,274472,13,4953.459,1,174430,Gloomhaven,2017,481,8.675,8.504
br,Brazil,ğŸ‡§ğŸ‡·,214326223,6,5900,246322,14,114.929,48,224517,Brass: Birmingham,2018,527,8.974,8.819
ru,Russia,ğŸ‡·ğŸ‡º,143449286,9,4618,195284,15,136.135,46,187645,Star Wars: Rebellion,2016,510,8.653,8.537
hu,Hungary,ğŸ‡­ğŸ‡º,9709891,95,3558,188890,16,1945.336,12,224517,Brass: Birmingham,2018,490,8.603,8.487
dk,Denmark,ğŸ‡©ğŸ‡°,5856733,113,3477,179627,17,3067.017,6,161936,Pandemic Legacy: Season 1,2015,441,8.689,8.564
jp,Japan,ğŸ‡¯ğŸ‡µ,125681593,11,1960,172744,18,137.446,45,224517,Brass: Birmingham,2018,283,8.418,8.250
gr,Greece,ğŸ‡¬ğŸ‡·,10641221,87,2729,154045,19,1447.625,19,174430,Gloomhaven,2017,361,8.964,8.822
pt,Portugal,ğŸ‡µğŸ‡¹,10325147,90,2344,126077,20,1221.067,23,224517,Brass: Birmingham,2018,245,8.732,8.574
at,Austria,ğŸ‡¦ğŸ‡¹,8955797,99,1686,118377,21,1321.792,21,342942,Ark Nova,2021,246,8.813,8.661
kr,South Korea,ğŸ‡°ğŸ‡·,51744876,28,1833,114850,22,221.954,42,224517,Brass: Birmingham,2018,411,8.741,8.653
ch,Switzerland,ğŸ‡¨ğŸ‡­,8703405,100,1874,114629,23,1317.059,22,342942,Ark Nova,2021,255,8.646,8.510
nz,New Zealand,ğŸ‡³ğŸ‡¿,5122600,123,1858,103863,24,2027.545,11,161936,Pandemic Legacy: Season 1,2015,239,8.602,8.473
no,Norway,ğŸ‡³ğŸ‡´,5408320,120,1848,103718,25,1917.749,15,161936,Pandemic Legacy: Season 1,2015,229,8.763,8.622
tw,Taiwan,ğŸ‡¹ğŸ‡¼,23894394,57,1582,100019,26,418.588,35,174430,Gloomhaven,2017,134,8.937,8.698
cn,China,ğŸ‡¨ğŸ‡³,1412360000,1,1277,99548,27,7.048,61,188,Go,-2200,196,8.812,8.652
mx,Mexico,ğŸ‡²ğŸ‡½,126705138,10,2992,98308,28,77.588,51,224517,Brass: Birmingham,2018,212,8.913,8.762
cz,Czechia,ğŸ‡¨ğŸ‡¿,10505772,88,2310,93519,29,890.168,30,295785,Euthia: Torment of Resurrection,2021,95,9.205,8.873
ar,Argentina,ğŸ‡¦ğŸ‡·,45808747,32,1584,69029,30,150.690,44,316554,Dune: Imperium,2020,111,8.746,8.556
hk,Hong Kong,ğŸ‡­ğŸ‡°,7413100,104,1096,68868,31,929.004,29,391162,Urubamba Valley,2023,22,9.205,8.321
sg,Singapore,ğŸ‡¸ğŸ‡¬,5453566,118,1138,65843,32,1207.338,24,174430,Gloomhaven,2017,109,8.602,8.425
cl,Chile,ğŸ‡¨ğŸ‡±,19493184,63,1740,60577,33,310.760,38,291457,Gloomhaven: Jaws of the Lion,2020,110,9.012,8.829
ua,Ukraine,ğŸ‡ºğŸ‡¦,43792855,35,1853,56834,34,129.779,47,368789,AFU: Armed Forces of Ukraine,2022,282,9.472,9.393
ro,Romania,ğŸ‡·ğŸ‡´,19119880,65,1100,56273,35,294.317,40,342942,Ark Nova,2021,104,9.083,8.899
ie,Ireland,ğŸ‡®ğŸ‡ª,5033165,124,991,47300,36,939.767,27,167791,Terraforming Mars,2016,152,8.452,8.363
th,Thailand,ğŸ‡¹ğŸ‡­,71601103,20,1056,41806,37,58.387,53,224517,Brass: Birmingham,2018,214,8.971,8.905
il,Israel,ğŸ‡®ğŸ‡±,9364000,97,759,41374,38,441.841,33,274432,Kauchuk,2019,29,9.448,8.955
hr,Croatia,ğŸ‡­ğŸ‡·,3899000,130,832,36907,39,946.576,26,115746,War of the Ring: Second Edition,2011,52,9.002,8.770
my,Malaysia,ğŸ‡²ğŸ‡¾,33573874,45,657,33256,40,99.053,50,115746,War of the Ring: Second Edition,2011,18,9.222,8.642
id,Indonesia,ğŸ‡®ğŸ‡©,273753191,4,814,32077,41,11.717,59,174430,Gloomhaven,2017,40,8.997,8.738
co,Colombia,ğŸ‡¨ğŸ‡´,51516562,29,743,31758,42,61.646,52,404383,Tormenta de Hierro,2023,11,9.909,8.921
bg,Bulgaria,ğŸ‡§ğŸ‡¬,6877743,105,699,28772,43,418.335,36,320963,GEMJI,2020,10,10.000,8.995
lt,Lithuania,ğŸ‡±ğŸ‡¹,2800839,138,702,28673,44,1023.729,25,174430,Gloomhaven,2017,98,8.912,8.815
ee,Estonia,ğŸ‡ªğŸ‡ª,1330932,155,486,27807,45,2089.288,10,233078,Twilight Imperium: Fourth Edition,2017,27,9.289,8.935
lv,Latvia,ğŸ‡±ğŸ‡»,1884490,150,487,27122,46,1439.222,20,167791,Terraforming Mars,2016,100,8.890,8.800
za,South Africa,ğŸ‡¿ğŸ‡¦,59392255,24,714,26560,47,44.720,54,224517,Brass: Birmingham,2018,53,8.832,8.673
ph,Philippines,ğŸ‡µğŸ‡­,113880328,13,762,26557,48,23.320,57,336382,Marvel United: X-Men,2021,13,9.400,8.738
rs,Serbia,ğŸ‡·ğŸ‡¸,6834326,107,644,24817,49,363.123,37,224517,Brass: Birmingham,2018,78,9.009,8.900
tr,TÃ¼rkiye,ğŸ‡¹ğŸ‡·,84775404,18,761,24400,50,28.782,56,248562,Mage Knight: Ultimate Edition,2018,10,9.540,8.748
sk,Slovakia,ğŸ‡¸ğŸ‡°,5447247,119,641,23623,51,433.669,34,224517,Brass: Birmingham,2018,78,8.998,8.895
is,Iceland,ğŸ‡®ğŸ‡¸,372520,176,350,18375,52,4932.621,2,233078,Twilight Imperium: Fourth Edition,2017,34,9.074,8.890
in,India,ğŸ‡®ğŸ‡³,1407563842,2,709,17584,53,1.249,62,233078,Twilight Imperium: Fourth Edition,2017,20,9.310,9.002
by,Belarus,ğŸ‡§ğŸ‡¾,9340314,98,398,17455,54,186.878,43,167791,Terraforming Mars,2016,129,8.541,8.500
lu,Luxembourg,ğŸ‡±ğŸ‡º,640064,167,195,16639,55,2599.584,8,363622,The Castles of Burgundy: Special Edition,2023,5,9.600,8.576
ir,Iran,ğŸ‡®ğŸ‡·,87923432,17,570,15262,56,17.358,58,224517,Brass: Birmingham,2018,111,8.925,8.878
pe,Peru,ğŸ‡µğŸ‡ª,33715471,44,499,14868,57,44.098,55,161533,Lisboa,2017,12,9.508,9.066
cr,Costa Rica,ğŸ‡¨ğŸ‡·,5153957,122,270,13175,58,255.629,41,233078,Twilight Imperium: Fourth Edition,2017,12,9.217,8.849
si,Slovenia,ğŸ‡¸ğŸ‡®,2108079,147,338,13014,59,617.339,32,312682,Silver Coin: Age of Monster Hunters,2023,5,10.000,9.071
vn,Vietnam,ğŸ‡»ğŸ‡³,97468029,15,430,11031,60,11.318,60,162886,Spirit Island,2017,26,9.317,9.162
uy,Uruguay,ğŸ‡ºğŸ‡¾,3426260,133,240,10541,61,307.653,39,291457,Gloomhaven: Jaws of the Lion,2020,27,9.111,8.975
ae,United Arab Emirates,ğŸ‡¦ğŸ‡ª,9365145,96,213,10156,62,108.445,49,294788,Conqueror: Final Conquest,2020,26,9.385,9.239
sa,Saudi Arabia,ğŸ‡¸ğŸ‡¦,35950396,41,131,7694,63,21.402,,,,,,,
gt,Guatemala,ğŸ‡¬ğŸ‡¹,17109746,70,116,5143,64,30.059,,,,,,,
ve,Venezuela,ğŸ‡»ğŸ‡ª,28199867,51,129,4491,65,15.926,,,,,,,
kz,Kazakhstan,ğŸ‡°ğŸ‡¿,19000988,66,116,4417,66,23.246,,,,,,,
ad,Andorra,ğŸ‡¦ğŸ‡©,79034,191,68,4416,67,5587.469,,,,,,,
cy,Cyprus,ğŸ‡¨ğŸ‡¾,1244188,158,108,3681,68,295.856,,,,,,,
bo,Bolivia,ğŸ‡§ğŸ‡´,12079472,80,99,3152,69,26.094,,,,,,,
md,Moldova,ğŸ‡²ğŸ‡©,2615199,142,49,3044,70,116.396,,,,,,,
mt,Malta,ğŸ‡²ğŸ‡¹,518536,172,94,2661,71,513.176,,,,,,,
ge,Georgia,ğŸ‡¬ğŸ‡ª,3708610,131,123,2451,72,66.089,,,,,,,
ec,Ecuador,ğŸ‡ªğŸ‡¨,17797737,67,86,2164,73,12.159,,,,,,,
kw,Kuwait,ğŸ‡°ğŸ‡¼,4250114,129,56,1940,74,45.646,,,,,,,
mk,North Macedonia,ğŸ‡²ğŸ‡°,2065092,148,97,1924,75,93.168,,,,,,,
pa,Panama,ğŸ‡µğŸ‡¦,4351267,128,70,1838,76,42.241,,,,,,,
bd,Bangladesh,ğŸ‡§ğŸ‡©,169356251,8,31,1622,77,0.958,,,,,,,
sm,San Marino,ğŸ‡¸ğŸ‡²,33745,200,5,1500,78,4445.103,,,,,,,
az,Azerbaijan,ğŸ‡¦ğŸ‡¿,10137750,92,35,1454,79,14.342,,,,,,,
eg,Egypt,ğŸ‡ªğŸ‡¬,109262178,14,47,1360,80,1.245,,,,,,,
bh,Bahrain,ğŸ‡§ğŸ‡­,1463265,154,20,1270,81,86.792,,,,,,,
sv,El Salvador,ğŸ‡¸ğŸ‡»,6314167,112,29,1146,82,18.150,,,,,,,
qa,Qatar,ğŸ‡¶ğŸ‡¦,2688235,140,22,1138,83,42.333,,,,,,,
mo,Macau,ğŸ‡²ğŸ‡´,686607,166,31,1102,84,160.499,,,,,,,
do,Dominican Republic,ğŸ‡©ğŸ‡´,11117873,85,45,1078,85,9.696,,,,,,,
ke,Kenya,ğŸ‡°ğŸ‡ª,53005614,27,15,1066,86,2.011,,,,,,,
am,Armenia,ğŸ‡¦ğŸ‡²,2790974,139,41,951,87,34.074,,,,,,,
ba,Bosnia and Herzegovina,ğŸ‡§ğŸ‡¦,3270943,135,49,927,88,28.340,,,,,,,
to,Tonga,ğŸ‡¹ğŸ‡´,106017,186,4,787,89,742.334,,,,,,,
kg,Kyrgyz Republic,ğŸ‡°ğŸ‡¬,6691800,110,8,691,90,10.326,,,,,,,
bn,Brunei Darussalam,ğŸ‡§ğŸ‡³,445373,173,15,649,91,145.721,,,,,,,
me,Montenegro,ğŸ‡²ğŸ‡ª,619211,168,23,585,92,94.475,,,,,,,
py,Paraguay,ğŸ‡µğŸ‡¾,6703799,109,16,511,93,7.623,,,,,,,
lb,Lebanon,ğŸ‡±ğŸ‡§,5592631,115,28,506,94,9.048,,,,,,,
jo,Jordan,ğŸ‡¯ğŸ‡´,11148278,84,23,476,95,4.270,,,,,,,
pk,Pakistan,ğŸ‡µğŸ‡°,231402117,5,36,424,96,0.183,,,,,,,
et,Ethiopia,ğŸ‡ªğŸ‡¹,120283026,12,6,412,97,0.343,,,,,,,
jm,Jamaica,ğŸ‡¯ğŸ‡²,2827695,136,11,391,98,13.828,,,,,,,
al,Albania,ğŸ‡¦ğŸ‡±,2811666,137,22,370,99,13.159,,,,,,,
uz,Uzbekistan,ğŸ‡ºğŸ‡¿,34915100,42,13,361,100,1.034,,,,,,,
aq,Antarctica,ğŸ‡¦ğŸ‡¶,5000,206,19,344,101,6880.000,,,,,,,
ma,Morocco,ğŸ‡²ğŸ‡¦,37076584,40,13,327,102,0.882,,,,,,,
tt,Trinidad and Tobago,ğŸ‡¹ğŸ‡¹,1525663,153,17,304,103,19.926,,,,,,,
bs,Bahamas,ğŸ‡§ğŸ‡¸,407906,174,14,299,104,73.301,,,,,,,
mm,Myanmar,ğŸ‡²ğŸ‡²,53798084,26,16,290,105,0.539,,,,,,,
so,Somalia,ğŸ‡¸ğŸ‡´,17065581,71,1,265,106,1.553,,,,,,,
cv,Cabo Verde,ğŸ‡¨ğŸ‡»,587925,170,2,264,107,44.904,,,,,,,
ug,Uganda,ğŸ‡ºğŸ‡¬,45853778,31,15,250,108,0.545,,,,,,,
om,Oman,ğŸ‡´ğŸ‡²,4520471,127,10,248,109,5.486,,,,,,,
mc,Monaco,ğŸ‡²ğŸ‡¨,36686,199,6,234,110,637.845,,,,,,,
tg,Togo,ğŸ‡¹ğŸ‡¬,8644829,101,3,223,111,2.580,,,,,,,
tn,Tunisia,ğŸ‡¹ğŸ‡³,12262946,79,18,214,112,1.745,,,,,,,
gd,Grenada,ğŸ‡¬ğŸ‡©,124610,183,1,200,113,160.501,,,,,,,
lc,St. Lucia,ğŸ‡±ğŸ‡¨,179651,181,5,200,113,111.327,,,,,,,
mn,Mongolia,ğŸ‡²ğŸ‡³,3347782,134,12,182,115,5.436,,,,,,,
cu,Cuba,ğŸ‡¨ğŸ‡º,11256372,83,8,182,115,1.617,,,,,,,
kp,North Korea,ğŸ‡°ğŸ‡µ,25971909,54,9,182,115,0.701,,,,,,,
hn,Honduras,ğŸ‡­ğŸ‡³,10278345,91,18,174,118,1.693,,,,,,,
iq,Iraq,ğŸ‡®ğŸ‡¶,43533592,36,13,157,119,0.361,,,,,,,
cm,Cameroon,ğŸ‡¨ğŸ‡²,27198628,53,7,148,120,0.544,,,,,,,
fj,Fiji,ğŸ‡«ğŸ‡¯,924610,161,4,145,121,15.682,,,,,,,
pg,Papua New Guinea,ğŸ‡µğŸ‡¬,9949437,93,3,139,122,1.397,,,,,,,
sd,Sudan,ğŸ‡¸ğŸ‡©,45657202,33,2,126,123,0.276,,,,,,,
mu,Mauritius,ğŸ‡²ğŸ‡º,1266060,157,5,118,124,9.320,,,,,,,
td,Chad,ğŸ‡¹ğŸ‡©,17179740,69,2,118,124,0.687,,,,,,,
dz,Algeria,ğŸ‡©ğŸ‡¿,44177969,34,23,113,126,0.256,,,,,,,
vc,St. Vincent and the Grenadines,ğŸ‡»ğŸ‡¨,104332,188,2,111,127,106.391,,,,,,,
ao,Angola,ğŸ‡¦ğŸ‡´,34503774,43,8,108,128,0.313,,,,,,,
kh,Cambodia,ğŸ‡°ğŸ‡­,16589023,73,14,106,129,0.639,,,,,,,
zm,Zambia,ğŸ‡¿ğŸ‡²,19473125,64,2,104,130,0.534,,,,,,,
va,Vatican,ğŸ‡»ğŸ‡¦,524,207,6,101,131,19274.809,,,,,,,
sz,Eswatini,ğŸ‡¸ğŸ‡¿,1192271,159,2,101,131,8.471,,,,,,,
xk,Kosovo,ğŸ‡½ğŸ‡°,1786038,151,1,98,133,5.487,,,,,,,
lk,Sri Lanka,ğŸ‡±ğŸ‡°,22156000,58,11,93,134,0.420,,,,,,,
bf,Burkina Faso,ğŸ‡§ğŸ‡«,22100683,59,2,87,135,0.394,,,,,,,
li,Liechtenstein,ğŸ‡±ğŸ‡®,39039,198,8,82,136,210.046,,,,,,,
tz,Tanzania,ğŸ‡¹ğŸ‡¿,63588334,23,9,80,137,0.126,,,,,,,
ng,Nigeria,ğŸ‡³ğŸ‡¬,213401323,7,13,80,137,0.037,,,,,,,
ps,Palestine,ğŸ‡µğŸ‡¸,4922749,125,2,75,139,1.524,,,,,,,
af,Afghanistan,ğŸ‡¦ğŸ‡«,40099462,37,15,72,140,0.180,,,,,,,
mr,Mauritania,ğŸ‡²ğŸ‡·,4614974,126,1,71,141,1.538,,,,,,,
mw,Malawi,ğŸ‡²ğŸ‡¼,19889742,62,1,59,142,0.297,,,,,,,
mh,Marshall Islands,ğŸ‡²ğŸ‡­,42050,197,1,58,143,137.931,,,,,,,
st,Sao Tome and Principe,ğŸ‡¸ğŸ‡¹,223107,179,1,53,144,23.755,,,,,,,
cc,,,,,1,52,145,,,,,,,,
ki,Kiribati,ğŸ‡°ğŸ‡®,128874,182,2,45,146,34.918,,,,,,,
sr,Suriname,ğŸ‡¸ğŸ‡·,612985,169,2,43,147,7.015,,,,,,,
sb,Solomon Islands,ğŸ‡¸ğŸ‡§,707851,165,1,43,147,6.075,,,,,,,
zw,Zimbabwe,ğŸ‡¿ğŸ‡¼,15993524,74,8,42,149,0.263,,,,,,,
mg,Madagascar,ğŸ‡²ğŸ‡¬,28915653,50,2,39,150,0.135,,,,,,,
dj,Djibouti,ğŸ‡©ğŸ‡¯,1105557,160,2,37,151,3.347,,,,,,,
mv,Maldives,ğŸ‡²ğŸ‡»,521457,171,4,36,152,6.904,,,,,,,
ag,Antigua and Barbuda,ğŸ‡¦ğŸ‡¬,93219,190,9,33,153,35.401,,,,,,,
gh,Ghana,ğŸ‡¬ğŸ‡­,32833031,47,8,31,154,0.094,,,,,,,
bb,Barbados,ğŸ‡§ğŸ‡§,281200,178,5,30,155,10.669,,,,,,,
na,Namibia,ğŸ‡³ğŸ‡¦,2530151,144,6,30,155,1.186,,,,,,,
bz,Belize,ğŸ‡§ğŸ‡¿,400031,175,4,25,157,6.250,,,,,,,
ni,Nicaragua,ğŸ‡³ğŸ‡®,6850540,106,4,24,158,0.350,,,,,,,
mz,Mozambique,ğŸ‡²ğŸ‡¿,32077072,48,1,24,158,0.075,,,,,,,
ws,Samoa,ğŸ‡¼ğŸ‡¸,218764,180,2,20,160,9.142,,,,,,,
sl,Sierra Leone,ğŸ‡¸ğŸ‡±,8420641,102,1,19,161,0.226,,,,,,,
sc,Seychelles,ğŸ‡¸ğŸ‡¨,99258,189,1,17,162,17.127,,,,,,,
ga,Gabon,ğŸ‡¬ğŸ‡¦,2341179,145,2,16,163,0.683,,,,,,,
sn,Senegal,ğŸ‡¸ğŸ‡³,16876720,72,3,13,164,0.077,,,,,,,
bq,,,,,1,11,165,,,,,,,,
aw,Aruba,ğŸ‡¦ğŸ‡¼,106537,185,4,10,166,9.386,,,,,,,
bw,Botswana,ğŸ‡§ğŸ‡¼,2588423,143,3,9,167,0.348,,,,,,,
ht,Haiti,ğŸ‡­ğŸ‡¹,11447569,82,2,8,168,0.070,,,,,,,
rw,Rwanda,ğŸ‡·ğŸ‡¼,13461888,76,2,8,168,0.059,,,,,,,
cd,DR Congo,ğŸ‡¨ğŸ‡©,95894118,16,4,8,168,0.008,,,,,,,
tl,Timor-Leste,ğŸ‡¹ğŸ‡±,1320942,156,2,7,171,0.530,,,,,,,
gm,Gambia,ğŸ‡¬ğŸ‡²,2639916,141,2,7,171,0.265,,,,,,,
np,Nepal,ğŸ‡³ğŸ‡µ,30034989,49,3,7,171,0.023,,,,,,,
ai,,,,,5,7,171,,,,,,,,
er,Eritrea,ğŸ‡ªğŸ‡·,3620312,132,1,6,175,0.166,,,,,,,
ml,Mali,ğŸ‡²ğŸ‡±,21904983,60,4,4,176,0.018,,,,,,,
ss,South Sudan,ğŸ‡¸ğŸ‡¸,10748272,86,1,3,177,0.028,,,,,,,
bi,Burundi,ğŸ‡§ğŸ‡®,12551213,78,1,3,177,0.024,,,,,,,
kn,St. Kitts and Nevis,ğŸ‡°ğŸ‡³,47606,194,1,2,179,4.201,,,,,,,
gy,Guyana,ğŸ‡¬ğŸ‡¾,804567,163,2,2,179,0.249,,,,,,,
ly,Libya,ğŸ‡±ğŸ‡¾,6735277,108,2,2,179,0.030,,,,,,,
pm,,,,,1,2,179,,,,,,,,
tf,,,,,1,2,179,,,,,,,,
tc,Turks and Caicos Islands,ğŸ‡¹ğŸ‡¨,45114,195,1,1,184,2.217,,,,,,,
dm,Dominica,ğŸ‡©ğŸ‡²,72412,192,1,1,184,1.381,,,,,,,
bt,Bhutan,ğŸ‡§ğŸ‡¹,777486,164,1,1,184,0.129,,,,,,,
km,Comoros,ğŸ‡°ğŸ‡²,821625,162,1,1,184,0.122,,,,,,,
cg,Congo Republic,ğŸ‡¨ğŸ‡¬,5835806,114,1,1,184,0.017,,,,,,,
tm,Turkmenistan,ğŸ‡¹ğŸ‡²,6341855,111,1,1,184,0.016,,,,,,,
la,Laos,ğŸ‡±ğŸ‡¦,7425057,103,1,1,184,0.013,,,,,,,
tj,Tajikistan,ğŸ‡¹ğŸ‡¯,9750064,94,1,1,184,0.010,,,,,,,
gn,Guinea,ğŸ‡¬ğŸ‡³,13531906,75,1,1,184,0.007,,,,,,,
sy,Syria,ğŸ‡¸ğŸ‡¾,21324367,61,1,1,184,0.005,,,,,,,
ne,Niger,ğŸ‡³ğŸ‡ª,25252722,56,1,1,184,0.004,,,,,,,
ye,Yemen,ğŸ‡¾ğŸ‡ª,32981641,46,1,1,184,0.003,,,,,,,
bv,,,,,1,1,184,,,,,,,,
ck,,,,,1,1,184,,,,,,,,
hm,,,,,1,1,184,,,,,,,,
sh,,,,,1,1,184,,,,,,,,
ci,Cote d'Ivoire,ğŸ‡¨ğŸ‡®,27478249,52,,,,,,,,,,,
bj,Benin,ğŸ‡§ğŸ‡¯,12996895,77,,,,,,,,,,,
cf,Central African Republic,ğŸ‡¨ğŸ‡«,5457154,117,,,,,,,,,,,
lr,Liberia,ğŸ‡±ğŸ‡·,5193416,121,,,,,,,,,,,
ls,Lesotho,ğŸ‡±ğŸ‡¸,2281454,146,,,,,,,,,,,
gw,Guinea-Bissau,ğŸ‡¬ğŸ‡¼,2060721,149,,,,,,,,,,,
gq,Equatorial Guinea,ğŸ‡¬ğŸ‡¶,1634466,152,,,,,,,,,,,
vu,Vanuatu,ğŸ‡»ğŸ‡º,319137,177,,,,,,,,,,,
fm,"Micronesia, Fed. Sts.",ğŸ‡«ğŸ‡²,113131,184,,,,,,,,,,,
vi,United States Virgin Islands,ğŸ‡»ğŸ‡®,105870,187,,,,,,,,,,,
mp,Northern Mariana Islands,ğŸ‡²ğŸ‡µ,49481,193,,,,,,,,,,,
sx,Sint Maarten,ğŸ‡¸ğŸ‡½,42846,196,,,,,,,,,,,
mf,Saint-Martin,ğŸ‡²ğŸ‡«,31948,201,,,,,,,,,,,
vg,British Virgin Islands,ğŸ‡»ğŸ‡¬,31122,202,,,,,,,,,,,
pw,Palau,ğŸ‡µğŸ‡¼,18024,203,,,,,,,,,,,
nr,Nauru,ğŸ‡³ğŸ‡·,12511,204,,,,,,,,,,,
tv,Tuvalu,ğŸ‡¹ğŸ‡»,11204,205,,,,,,,,,,,
